http://www.amazon.in/Android-Mobiles-Electronics/s?ie=UTF8&page=2&rh=n%3A4916280031,
http://www.amazon.in/Android-Mobiles-Electronics/s?ie=UTF8&page=3&rh=n%3A4916280031,
http://www.amazon.in/Android-Mobiles-Electronics/s?ie=UTF8&page=4&rh=n%3A4916280031,
http://www.amazon.in/Android-Mobiles-Electronics/s?ie=UTF8&page=5&rh=n%3A4916280031,
http://www.amazon.in/Android-Mobiles-Electronics/s?ie=UTF8&page=6&rh=n%3A4916280031,
http://www.amazon.in/Android-Mobiles-Electronics/s?ie=UTF8&page=7&rh=n%3A4916280031,
http://www.amazon.in/Android-Mobiles-Electronics/s?ie=UTF8&page=8&rh=n%3A4916280031,
http://www.amazon.in/Android-Mobiles-Electronics/s?ie=UTF8&page=9&rh=n%3A4916280031,
http://www.amazon.in/Android-Mobiles-Electronics/s?ie=UTF8&page=10&rh=n%3A4916280031,
http://www.amazon.in/Android-Mobiles-Electronics/s?ie=UTF8&page=11&rh=n%3A4916280031,
http://www.amazon.in/Android-Mobiles-Electronics/s?ie=UTF8&page=12&rh=n%3A4916280031,
http://www.amazon.in/Android-Mobiles-Electronics/s?ie=UTF8&page=13&rh=n%3A4916280031,
http://www.amazon.in/Android-Mobiles-Electronics/s?ie=UTF8&page=14&rh=n%3A4916280031,
http://www.amazon.in/Android-Mobiles-Electronics/s?ie=UTF8&page=15&rh=n%3A4916280031,
http://www.amazon.in/Android-Mobiles-Electronics/s?ie=UTF8&page=16&rh=n%3A4916280031,
http://www.amazon.in/Android-Mobiles-Electronics/s?ie=UTF8&page=17&rh=n%3A4916280031,
http://www.amazon.in/Android-Mobiles-Electronics/s?ie=UTF8&page=18&rh=n%3A4916280031,
http://www.amazon.in/Android-Mobiles-Electronics/s?ie=UTF8&page=19&rh=n%3A4916280031,
http://www.amazon.in/Android-Mobiles-Electronics/s?ie=UTF8&page=20&rh=n%3A4916280031,
http://www.amazon.in/Android-Mobiles-Electronics/s?ie=UTF8&page=21&rh=n%3A4916280031,
http://www.amazon.in/Android-Mobiles-Electronics/s?ie=UTF8&page=22&rh=n%3A4916280031,
http://www.amazon.in/Android-Mobiles-Electronics/s?ie=UTF8&page=23&rh=n%3A4916280031,
http://www.amazon.in/Android-Mobiles-Electronics/s?ie=UTF8&page=24&rh=n%3A4916280031,
http://www.amazon.in/Android-Mobiles-Electronics/s?ie=UTF8&page=25&rh=n%3A4916280031,
http://www.amazon.in/Android-Mobiles-Electronics/s?ie=UTF8&page=26&rh=n%3A4916280031,
http://www.amazon.in/Android-Mobiles-Electronics/s?ie=UTF8&page=27&rh=n%3A4916280031,
http://www.amazon.in/Android-Mobiles-Electronics/s?ie=UTF8&page=28&rh=n%3A4916280031,
http://www.amazon.in/Android-Mobiles-Electronics/s?ie=UTF8&page=29&rh=n%3A4916280031,
http://www.amazon.in/Android-Mobiles-Electronics/s?ie=UTF8&page=30&rh=n%3A4916280031,
http://www.amazon.in/Android-Mobiles-Electronics/s?ie=UTF8&page=31&rh=n%3A4916280031,
http://www.amazon.in/Android-Mobiles-Electronics/s?ie=UTF8&page=32&rh=n%3A4916280031,
http://www.amazon.in/Android-Mobiles-Electronics/s?ie=UTF8&page=33&rh=n%3A4916280031,
http://www.amazon.in/Android-Mobiles-Electronics/s?ie=UTF8&page=34&rh=n%3A4916280031,
http://www.amazon.in/Android-Mobiles-Electronics/s?ie=UTF8&page=35&rh=n%3A4916280031,
http://www.amazon.in/Android-Mobiles-Electronics/s?ie=UTF8&page=36&rh=n%3A4916280031,
http://www.amazon.in/Android-Mobiles-Electronics/s?ie=UTF8&page=37&rh=n%3A4916280031,
http://www.amazon.in/Android-Mobiles-Electronics/s?ie=UTF8&page=38&rh=n%3A4916280031,
http://www.amazon.in/Android-Mobiles-Electronics/s?ie=UTF8&page=39&rh=n%3A4916280031,
http://www.amazon.in/Android-Mobiles-Electronics/s?ie=UTF8&page=40&rh=n%3A4916280031,
http://www.amazon.in/Android-Mobiles-Electronics/s?ie=UTF8&page=41&rh=n%3A4916280031,
http://www.amazon.in/Android-Mobiles-Electronics/s?ie=UTF8&page=42&rh=n%3A4916280031,
http://www.amazon.in/Android-Mobiles-Electronics/s?ie=UTF8&page=43&rh=n%3A4916280031,
http://www.amazon.in/Android-Mobiles-Electronics/s?ie=UTF8&page=44&rh=n%3A4916280031,
http://www.amazon.in/Android-Mobiles-Electronics/s?ie=UTF8&page=45&rh=n%3A4916280031,
http://www.amazon.in/Android-Mobiles-Electronics/s?ie=UTF8&page=46&rh=n%3A4916280031,
http://www.amazon.in/Android-Mobiles-Electronics/s?ie=UTF8&page=47&rh=n%3A4916280031,
http://www.amazon.in/Android-Mobiles-Electronics/s?ie=UTF8&page=48&rh=n%3A4916280031,
http://www.amazon.in/Android-Mobiles-Electronics/s?ie=UTF8&page=49&rh=n%3A4916280031,
http://www.amazon.in/Android-Mobiles-Electronics/s?ie=UTF8&page=50&rh=n%3A4916280031,
http://www.amazon.in/Android-Mobiles-Electronics/s?ie=UTF8&page=51&rh=n%3A4916280031,
http://www.amazon.in/Android-Mobiles-Electronics/s?ie=UTF8&page=52&rh=n%3A4916280031,
http://www.amazon.in/Android-Mobiles-Electronics/s?ie=UTF8&page=53&rh=n%3A4916280031,
http://www.amazon.in/Android-Mobiles-Electronics/s?ie=UTF8&page=54&rh=n%3A4916280031,
http://www.amazon.in/Android-Mobiles-Electronics/s?ie=UTF8&page=55&rh=n%3A4916280031,
http://www.amazon.in/Android-Mobiles-Electronics/s?ie=UTF8&page=56&rh=n%3A4916280031,
http://www.amazon.in/Android-Mobiles-Electronics/s?ie=UTF8&page=57&rh=n%3A4916280031,
http://www.amazon.in/Android-Mobiles-Electronics/s?ie=UTF8&page=58&rh=n%3A4916280031,
http://www.amazon.in/Android-Mobiles-Electronics/s?ie=UTF8&page=59&rh=n%3A4916280031,
http://www.amazon.in/Android-Mobiles-Electronics/s?ie=UTF8&page=60&rh=n%3A4916280031,
http://www.amazon.in/Android-Mobiles-Electronics/s?ie=UTF8&page=61&rh=n%3A4916280031,
